Name,Adobe Commerce Plan,Infrastructure Project ID,Runbook URL,CSE Name,Project Owner,Condition,Status,Contract Start Date,Contract End Date,Merchant Timezone
Condition: At Risk (4),,,,,,,,,,
,,,,,,4,4,,,
Status: On Hold (1),,,,,,,,,,
,,,,,,1,1,,,
Nestlé Coffee Partners_DR3433132 – Adobe Commerce + AMS,Commerce Pro AMS,vgql5pjxu5pto,https://adobe.sharepoint.com/sites/ams_nestle_coffee_at_starbucks/SitePages/CQMSRunbook.aspx,Rajib Hasan,Rajib Hasan,At Risk,On Hold,12/9/2022,12/8/2023,UTC-08:00 - Pacific Standard Time (America/Los_Angeles)
Status: Live (3),,,,,,,,,,
,,,,,,3,3,,,
"Toyota Motor North America, Inc._DR2777293 – Adobe AMS",Commerce Pro AMS,tvdihvxtugjic,https://adobe.sharepoint.com/sites/ams_tmna/SitePages/AMSCOMM_Runbook.aspx,Rajeswari Chundi,Rajeswari Chundi,At Risk,Live,6/4/2021,12/3/2024,UTC-06:00 - Central Standard Time (America/Chicago)
Amer Sports -Arctery'x North America - Instance #14,Commerce Pro AMS,xpfxkhsv3lm7s,https://adobe.sharepoint.com/sites/Arcteryx/SitePages/Home.aspx,Scott Templeton,Scott Templeton,At Risk,Live,1/30/20,6/30/25,PST
Covento A/S_DR3277540 – Adobe Commerce + AMS,Commerce Pro AMS,hw3qc4vhpvemq,https://adobe.sharepoint.com/sites/ams_Covento/SitePages/CQMS_Runbook.aspx,Satish Kevlani,Satish Kevlani,At Risk,Live,5/16/22,11/15/23,UTC+1
Condition: In Trouble (16),,,,,,,,,,
,,,,,,16,16,,,
Status: On Hold (4),,,,,,,,,,
,,,,,,4,4,,,
Cenergy Innovation Limited (Instance 6/6)_DR2854988 – Adobe AMS,Commerce Pro AMS,53btomxnulxty,https://adobe.sharepoint.com/sites/cenergy,Charles Lyu,Charles Lyu,In Trouble,On Hold,8/1/2022,7/31/25,BKK
Enterprise - Coles / Liquor Commerce/ Adobe AMS,Commerce Pro AMS,biitumj4gqlom,,Charles Lyu,Charles Lyu,In Trouble,On Hold,11/27/20,3/31/25,AEST
Cenergy Innovation Limited (Instance 4/6)_DR2854988 – Adobe AMS,Commerce Pro AMS,eznvwnlhzt7ye,https://adobe.sharepoint.com/sites/cenergy,Charles Lyu,Charles Lyu,In Trouble,On Hold,11/1/2021,7/31/25,BKK
Cenergy Innovation Limited (Instance 2/6)_DR2854988 – Adobe AMS,Commerce Pro AMS,j272qgwkbtefk,https://adobe.sharepoint.com/sites/cenergy,Charles Lyu,Charles Lyu,In Trouble,On Hold,11/1/2021,7/31/25,BKK
Status: Decommissioned (6),,,,,,,,,,
,,,,,,6,6,,,
[Alshaya] [River Island] AMS_ra3jd2klmo_Not_Used_Since_Apr_2023,Commerce Pro AMS,ra3jd2klmoqgs,Decommissioned -- https://adobe.sharepoint.com/sites/ams_Alshayamagento/SitePages/AMSCOMM_Runbook12.aspx,Satish Kevlani,Satish Kevlani,In Trouble,Decommissioned,5/5/2020,5/30/24,GMT+3
BRP (Bombardier Recreational Products) - XPS,Commerce Pro AMS,5tr6ynrv6j3ic,,Nadim Hoque,Nadim Hoque,In Trouble,Decommissioned,2/26/19,2/25/20,EST
The Kooples Production SAS -- Decommissioned,Commerce Pro AMS,l7v65o3lxb7ty,-- Decommissioned --,Vimal Mohindra,Vimal Mohindra,In Trouble,Decommissioned,11/20/18,10/31/22,CEST
[Alshaya] [Harvey Nichols] AMS_gfj5475w6uzqo_Not_Live,Commerce Pro AMS,gfj5475w6uzqo,Decommissioned -- https://adobe.sharepoint.com/sites/ams_Alshayamagento/SitePages/AMSCOMM_Runbook_Harvey_Nichols.aspx,Satish Kevlani,Satish Kevlani,In Trouble,Decommissioned,3/14/22,11/30/27,?
Infosys Limited_DR2931292 – Adobe AMS,Commerce Pro AMS,s37irrxbyarkm,,Nadim Hoque,Nadim Hoque,In Trouble,Decommissioned,1/1/2022,3/31/23,UTC-07:00 - Pacific Daylight Time (America/Los_Angeles)
Acer Inc (Decom - incorrect AWS region) DR3307401 – Adobe Commerce + AMS,Commerce Pro AMS,prdw6lomkpmng,,Charles Lyu,Charles Lyu,In Trouble,Decommissioned,1/1/2023,3/31/26,UTC+08:00 - Singapore Standard Time (Asia/Singapore)
Status: Decommission in Progress (5),,,,,,,,,,
,,,,,,5,5,,,
Insurance Australia Ltd_DR2882880 – Adobe AMS,Commerce Pro AMS,33md4icugbefa,n/a,Fabio Narbone,Fabio Narbone,In Trouble,Decommission in Progress,5/10/2021,7/31/24,UTC+10
State of Oklahoma Office of Management and Enterprise Services (OMES) DR2054010,Commerce Pro AMS,bb6nc5qtbvbh2,https://adobe.sharepoint.com/sites/ams_omes/SitePages/AMSCOMM_Runbook.aspx,Rajib Hasan,Rajib Hasan,In Trouble,Decommission in Progress,1/15/20,6/30/23,EST
Pentair - DR2351749,Commerce Pro AMS,cqzvwzyivp4og,https://adobe.sharepoint.com/sites/ams_pentair/SitePages/AMSCOMM_Runbook.aspx,Rajeswari Chundi,Rajeswari Chundi,In Trouble,Decommission in Progress,4/1/2020,3/31/23,EST
Changi Airport Group (Singapore) Pte Ltd,Commerce Pro AMS,ixcqk5mkqxcgm,n/a,Fabio Narbone,Fabio Narbone,In Trouble,Decommission in Progress,8/23/19,,GMT+8
Canon Cloud,Commerce Pro AMS,zgnuk6t5knpwm,https://adobe.sharepoint.com/sites/ams_canonusamagento/SitePages/AMSCOMM_Runbook.aspx,Rajib Hasan,Rajib Hasan,In Trouble,Decommission in Progress,7/12/2018,7/25/24,EST
Status: Live (1),,,,,,,,,,
,,,,,,1,1,,,
Dish Sling (SlingCommerce) DR3092053,Commerce Pro AMS,bnam2pgpfsgpy,https://adobe.sharepoint.com/sites/ams_slingtv/SitePages/AMSCOMM_Runbook.aspx,Shivkumar Venkat,Shivkumar Venkat,In Trouble,Live,12/1/2020,12/20/24,UTC
Condition: On Target (182),,,,,,,,,,
,,,,,,182,182,,,
Status: Complete (1),,,,,,,,,,
,,,,,,1,1,,,
First Stop Europe NV_DR2803363 – Adobe AMS,Commerce Pro AMS,633cmpjqlujqs,https://adobe.sharepoint.com/sites/ams/FirstStop/SitePages/CQMS_Runbook.aspx,Vimal Mohindra,Vimal Mohindra,On Target,Complete,7/1/2021,6/30/24,UTC+01:00 - Central European Standard Time (Europe/Paris)
Status: Current (39),,,,,,,,,,
,,,,,,39,39,,,
BMR Group_DR2385113 – Adobe AMS,Commerce Pro AMS,zajlnev5fbtje,N/A (customer has not kicked off the project),Rajeswari Chundi,Rajeswari Chundi,On Target,Current,6/3/2021,12/2/2024,UTC-05:00 - Eastern Standard Time (America/New_York)
Royal Melbourne Institute of Technology_DR2770931 – Adobe AMS,Commerce Pro AMS,p4upcujhjqsy6,n/a,Fabio Narbone,Fabio Narbone,On Target,Current,9/6/2021,1/2/2025,AEST
Atrium Innovations Inc._DR3163837 – Adobe Commerce + AMS,Commerce Pro AMS,ux2rl6xeqcu2m,https://adobe.sharepoint.com/sites/AtriumInnovationsInc/SitePages/CQMSRunbook.aspx,Nadim Hoque,Nadim Hoque,On Target,Current,6/12/2022,12/11/2024,UTC-05:00 - Eastern Standard Time (America/Indiana/Indianapolis)
PSA Automobiles S.A._DR2911185 – Adobe AMS - Omni Channel,Commerce Pro AMS,lnxdng5xg2law,https://adobe.sharepoint.com/sites/stellantis-omni/SitePages/stellantis-omni-commerce-runbook.aspx,Jacek Groszewski,Jacek Groszewski,On Target,Current,6/15/22,9/30/26,GMT+2
T-Mobile - GCP environment for HINT migration from AWS,Commerce Pro AMS,nr2bz7if74pew,,Asrar Alam,Asrar Alam,On Target,Current,6/29/22,6/28/27,CT
T-Mobile Northstar (GCP) - DR3163367,Commerce Pro AMS,bb3vrusbjmyqg,,Asrar Alam,Asrar Alam,On Target,Current,8/1/2022,,CT
Dish - Republic_DR3354892 – Adobe Commerce + AMS (1 of 2),Commerce Pro AMS,tqoni5ascjhx2,,Shivkumar Venkat,Shivkumar Venkat,On Target,Current,7/29/22,7/28/25,UTC
United Healthcare Services Inc._DR2995509 – Adobe AMS,Commerce Pro AMS,bhkiggvg5utuc,N/A (only dev branches are provisioned),Rajeswari Chundi,Rajeswari Chundi,On Target,Current,8/1/2022,12/31/25,UTC-06:00 - Central Standard Time (America/Chicago)
To be decommissioned -Coca-Cola Beverages Africa (Pty) Ltd_DR3478083 Kenya – Adobe AMS-,Commerce Pro AMS,77mvtsgrxtekk,https://adobe.sharepoint.com/sites/ams_CCBA/SitePages/Kenya%20Runbook.aspx,Neha Sharma,Neha Sharma,On Target,Current,9/28/22,7/3/2026,UTC+02:00 - South Africa Standard Time (Africa/Johannesburg)
"Toyota Motor North America, Inc._DR3391083 – Adobe AMS Addtl Instance",Commerce Pro AMS,qyleff4i3a7q4,https://adobe.sharepoint.com/sites/ams_tmna/SitePages/AMSCOMM_Runbook.aspx,Rajeswari Chundi,Rajeswari Chundi,On Target,Current,10/24/22,12/3/2024,UTC-06:00 - Central Standard Time (America/Chicago)
Wheel Pros LLC_DR3514507 – B2B,Commerce Pro AMS,22u4azrzj6uew,https://adobe.sharepoint.com/sites/ams_WheelProsLLC-B2B/SitePages/CQMSRunbook.aspx,Nadim Hoque,Rajib Hasan,On Target,Current,11/18/22,7/31/25,UTC-08:00 - Pacific Standard Time (America/Los_Angeles)
PSA Automobiles S.A. (Maserati) DR3384735 – Adobe Commerce + AMS,Commerce Pro AMS,b3h3bbafz6naw,https://adobe.sharepoint.com/sites/ams_PSAMaseratiMagento/SitePages/CQMSRunbook.aspx,Jacek Groszewski,Jacek Groszewski,On Target,Current,12/1/2022,11/30/25,UTC+01:00 - Central European Standard Time (Europe/Amsterdam)
"Panasonic Information Systems Co., Ltd. (門真/CMJ)_DR3090415 – Adobe AMS",Commerce Pro AMS,chtpn3pjvkckg,,Charles Lyu,Charles Lyu,On Target,Current,12/2/2022,12/1/2025,UTC+09:00 - Japan Standard Time (Asia/Tokyo)
Krisshop Pte Ltd_DR3033562 – Adobe AMS,Commerce Pro AMS,2povzuh7lwjj6,https://adobe.sharepoint.com/sites/krisshop,Fabio Narbone,Fabio Narbone,On Target,Current,1/30/23,1/29/26,UTC+08:00 - Singapore Standard Time (Asia/Singapore)
Helen of Troy_DR3367790 – Adobe AMS ADDTL INSTANCE PKG,Commerce Pro AMS,wwhsilxlhzhue,,Rajeswari Chundi,Rajeswari Chundi,On Target,Current,3/1/2023,6/30/24,UTC+00:00 - Greenwich Mean Time (Europe/London)
LG Electronics Inc_DR3587433 - US D2D Project,Commerce Pro AMS,yi4qausig2upk,,Harika Yarlagadda,Harika Yarlagadda,On Target,Current,3/1/2023,7/31/26,UTC-05:00 - Eastern Standard Time (America/Indiana/Indianapolis)
Sealed Air Corporation_DR3553029 – Adobe Commerce Additional Instance AMS,Commerce Pro AMS,dj7kjtfshfixs,,Nadim Hoque,Nadim Hoque,On Target,Current,4/1/2023,11/30/24,UTC-05:00 - Eastern Standard Time (America/Indiana/Indianapolis)
Digital Advantage Corp._DR3760721 – Adobe Commerce AMS,Commerce Pro AMS,vq546tecav3xs,,Sagnick Ghatak,Angela Zuniga,On Target,Current,8/21/23,5/30/26,UTC+08:00 - Philippine Standard Time (Asia/Manila)
Paramount Liquor - VisualR - DR3756205,Commerce Pro AMS,3c6ufwa5rxeda,,Fabio Narbone,Fabio Narbone,On Target,Current,9/1/2023,2/29/24,UTC+10:00 - Australian Eastern Standard Time (Australia/Sydney)
[Stellantis GECO] PSA Automobiles S.A. - DR3756676 (SUB-0071061),Commerce Pro AMS,fyvamifgexnbg,https://adobe.sharepoint.com/sites/psa-automobile-geco/SitePages/psa-automobile-geco-commerce-runbook.aspx,Jacek Groszewski,Jacek Groszewski,On Target,Current,8/10/2023,10/15/23,Central European Time (CET) UTC+01:00
"SeneGence International, Inc. - DR3620136 (SUB-0071159)",Commerce Pro AMS,yhtn2v2qno5pk,https://adobe.sharepoint.com/sites/Senegence_commerce2,Shivkumar Venkat,Shivkumar Venkat,On Target,Current,9/4/2023,12/3/2023,UTC-08:00 - Pacific Standard Time (America/Los_Angeles)
"Darby Dental Supply, LLC - DR3744674(SUB-0071409)",Commerce Pro AMS,6lq7u2lekdzca,https://adobe.sharepoint.com/sites/ams_DarbyDentalSupply/SitePages/CQMSRunbook.aspx,Ahmed Quraish,Ahmed Quraish,On Target,Current,10/23/23,10/22/26,UTC-05:00 - Eastern Standard Time (America/Indiana/Indianapolis)
Canon U.S.A. (LATAM) Inc._DR3767633 – Adobe AMS,Commerce Pro AMS,kjiitg6uqyh4g,https://adobe.sharepoint.com/sites/ams_canonusamagento/SitePages/CanonLATAMRunbook.aspx,David García,David García,On Target,Current,10/31/23,10/30/26,UTC-05:00 - Eastern Standard Time (America/New_York)
Aero Precision LLC - DR-00303117 (SUB-0071678),Commerce Pro AMS,px2aktjyng4tu,https://adobe.sharepoint.com/sites/aero-precision,Scott Templeton,Scott Templeton,On Target,Current,1/5/2024,1/4/2027,UTC-08:00 - Pacific Standard Time (America/Los_Angeles)
"Micron Technology, Inc - DR3564797 (SUB-0071857)",Commerce Pro AMS,hyx5gew4gsdtk,https://adobe.sharepoint.com/sites/micron-technology/SitePages/micron-technology-commerce-runbook.aspx,Ahmed Quraish,Ahmed Quraish,On Target,Current,12/1/2023,11/30/25,UTC-08:00 - Pacific Standard Time (America/Los_Angeles)
"To be decommissioned - ASUSTeK Computer, Inc. / 華碩電腦股份有限公司 - DR3781545 (SUB-0071965)",Commerce Pro AMS,otsju3xdpvunk,,Charles Lyu,Charles Lyu,On Target,Current,1/1/2024,3/31/24,UTC+08:00 - Singapore Standard Time (Asia/Singapore)
Reprovisioning - ASUSTeK MCC3 JP - DR3781545 (SUB-0071965),Commerce Pro AMS,juf75wj6fhjmg,,Charles Lyu,Charles Lyu,On Target,Current,1/1/2024,3/31/24,UTC+08:00 - Singapore Standard Time (Asia/Singapore)
Bajaj Finserv Direct Limited - DR3673474 (SUB-0072358),Commerce Pro AMS,dbbagraajxpgk,,Sushma Pandey,Sushma Pandey,On Target,Current,12/1/2023,11/30/24,UTC+05:30 - India Standard Time (Asia/Colombo)
Bajaj Finserv Direct Limited (Additional Instance) - DR3673474 (SUB-0072359),Commerce Pro AMS,xwlrbuawwpwpk,,Sushma Pandey,Sushma Pandey,On Target,Current,12/1/2023,11/30/24,UTC+05:30 - India Standard Time (Asia/Colombo)
Stellantis Auto SAS_SOL IAP - DR3852817 (SUB-0072423),Commerce Pro AMS,cn5hsj4co3c7c,,Neha Sharma,Neha Sharma,On Target,Current,1/1/2024,11/4/2028,GMT+5:30 IST
Stellantis Auto SAS_LEASYS - DR3852817 (SUB-0072421),Commerce Pro AMS,km45xe5kdvgpm,,Neha Sharma,Neha Sharma,On Target,Current,1/1/2024,4/11/2028,UTC+01:00 - Central European Standard Time (Africa/Algiers)
"Duplicate & To be Decommissioned - ASUSTeK Computer, Inc. / 華碩電腦股份有限公司 - DR3781545 (SUB-0072616)",Commerce Pro AMS,otsju3xdpvunk,,Charles Lyu,Workfront Jira Integration,On Target,Current,4/1/2024,3/31/25,UTC+08:00 - Singapore Standard Time (Asia/Singapore)
Dish Sling (SlingCommerce) DR3092053 - 2 ( 2nd environment Dish sling 1/31/24,Commerce Pro AMS,jbd76la6tag4y,,Shivkumar Venkat,Shivkumar Venkat,On Target,Current,,12/20/24,UTC
Bekeart BV Additional Commerce MS Instance - DR3413325,Commerce Pro AMS,3m6hqj2n7htti,https://adobe.sharepoint.com/sites/ams_NV-Bekaert-SA/SitePages/Bekaert%20Commerce%20US%20Store%20Runbook.aspx,Satish Kevlani,Satish Kevlani,On Target,Current,1/15/24,,CET
Radwell International LLC - DR-00157877 (SUB-0073629),Commerce Pro AMS,dgmyvd6hbefas,,Gabriel Rosales,Gabriel Rosales,On Target,Current,4/8/2024,4/7/2025,UTC-05:00 - Eastern Standard Time (America/Indiana/Indianapolis)
Hanesbrands Inc - APAC Japan - DR3942449 (SUB-0073773),Commerce Pro AMS,wxqjrfuro5v7a,,Jacek Groszewski,Jacek Groszewski,On Target,Current,4/8/2024,7/17/24,UTC+09:00 - Japan Standard Time (Asia/Tokyo)
Hanesbrands EMEA Inc - DR3942449 (EMEA Instance),Commerce Pro AMS,f5vjthaf7orgk,,Jacek Groszewski,Jacek Groszewski,On Target,Current,4/8/2024,9/2/2026,UTC+01:00 - British Summer Time (Europe/London)
Stellantis Auto SAS - DR3921855 (SUB-0073835) - Mister Auto,Commerce Pro AMS,mqh6ub6c7dxpq,,David García,David García,On Target,Current,4/1/2024,3/31/25,UTC+01:00 - Central European Standard Time (Africa/Algiers)
Stellantis Auto SAS - DR3572969 (SUB-0073967) - Leap,Commerce Pro AMS,uftjecx7ywdoq,,David García,David García,On Target,Current,4/1/2024,3/31/25,UTC+01:00 - Central European Standard Time (Africa/Algiers)
Status: On Hold (1),,,,,,,,,,
,,,,,,1,1,,,
Wheel Pros LLC_DR3514507 – D2C,Commerce Pro AMS,yukrdzvs3h66u,https://adobe.sharepoint.com/sites/ams_WheelProsLLC-D2C/SitePages/CQMSRunbook.aspx,Rajib Hasan,Rajib Hasan,On Target,On Hold,11/18/22,7/31/25,UTC-08:00 - Pacific Standard Time (America/Los_Angeles)
Status: Planning (19),,,,,,,,,,
,,,,,,19,19,,,
PSA Automobiles S.A. - DR3806724 (SUB-0071581),Commerce Pro AMS,,,Jacek Groszewski,Jacek Groszewski,On Target,Planning,10/16/23,11/24/23,UTC+01:00 - Central European Standard Time (Africa/Algiers)
Vita-Mix Management Corporation - DR3650556 (SUB-0072019),Commerce Pro AMS,,,Harika Yarlagadda,Harika Yarlagadda,On Target,Planning,1/1/2024,12/31/26,UTC-05:00 - Eastern Standard Time (America/Indiana/Indianapolis)
"SeneGence International, Inc. - DR3620136 (SUB-0072080)",Commerce Pro AMS,,,Shivkumar Venkat,Shivkumar Venkat,On Target,Planning,12/4/2023,1/1/2024,UTC-08:00 - Pacific Standard Time (America/Los_Angeles)
Zyia Active LLC - DR3775584 (SUB-0072117),Commerce Pro AMS,,,Mark Brown,Mark Brown,On Target,Planning,12/1/2023,11/30/26,UTC-05:00 - Eastern Standard Time (America/Indiana/Indianapolis)
Zyia Active LLC - DR3775584 (SUB-0072119),Commerce Pro AMS,,,Mark Brown,Mark Brown,On Target,Planning,9/1/2023,11/30/23,UTC-05:00 - Eastern Standard Time (America/Indiana/Indianapolis)
Helen of Troy - DR3772747 (SUB-0072335),Commerce Pro AMS,,,Rajeswari Chundi,Rajeswari Chundi,On Target,Planning,3/1/2024,2/28/27,UTC+00:00 - Greenwich Mean Time GMT)
"SeneGence International, Inc. - DR3620136 (SUB-0072080)",Commerce Pro AMS,,,Shivkumar Venkat,Shivkumar Venkat,On Target,Planning,12/4/2023,1/1/2024,UTC-08:00 - Pacific Standard Time (America/Los_Angeles)
"SeneGence International, Inc. - DR3620136 (SUB-0072339)",Commerce Pro AMS,,,Shivkumar Venkat,Shivkumar Venkat,On Target,Planning,1/2/2024,1/1/2025,UTC-08:00 - Pacific Standard Time (America/Los_Angeles)
Helen of Troy - DR3772747 (SUB-0072396),Commerce Pro AMS,,,Rajeswari Chundi,Rajeswari Chundi,On Target,Planning,3/1/2024,2/28/27,UTC-07:00 - Mountain Standard Time (America/Denver)
The Coca-Cola Company - DR3535276 (SUB-0072397),Commerce Pro AMS,,,Harika Yarlagadda,Harika Yarlagadda,On Target,Planning,12/1/2023,11/30/24,UTC-05:00 - Eastern Standard Time (America/Indiana/Indianapolis)
Cognito Motorsports Inc. MBI - DR3406346,Commerce Pro AMS,,,,Akhilesh Singh,On Target,Planning,12/2/2021,12/1/2023,UTC-07:00 - Pacific Daylight Time (America/Los_Angeles)
Hanesbrands Inc - DR3719614 (SUB-0072001),Commerce Pro AMS,,,Jacek Groszewski,Jacek Groszewski,On Target,Planning,9/3/2023,9/2/2026,UTC-05:00 - Eastern Standard Time (America/Indiana/Indianapolis)
"SeneGence International, Inc. - DR3620136 (SUB-0072339)",Commerce Pro AMS,,,Shivkumar Venkat,Shivkumar Venkat,On Target,Planning,1/2/2024,1/1/2025,UTC-08:00 - Pacific Standard Time (America/Los_Angeles)
Rite Aid Hdqtrs. Corp. - DR3845259 (SUB-0073068),Commerce Pro AMS,,,Rajeswari Chundi,Rajeswari Chundi,On Target,Planning,2/1/2024,5/31/24,UTC-05:00 - Eastern Standard Time (America/Indiana/Indianapolis)
Bank Of Olita Hogan - DR-00787815 (SUB-0074110),Commerce Pro AMS,abcd12345efg,,,Workfront Jira Integration,On Target,Planning,5/1/2024,4/30/25,UTC-08:00 - Pacific Standard Time (America/Los_Angeles)
Hanesbrands Inc - DR3942449 (SUB-0074134),Commerce Pro AMS,,,,Workfront Jira Integration,On Target,Planning,7/18/24,9/2/2024,UTC+09:00 - Japan Standard Time (Asia/Tokyo)
"National Vision, Inc. - DR3715322 (SUB-0074155)",Commerce Pro AMS,,,Ahmed Quraish,Ahmed Quraish,On Target,Planning,6/1/2024,5/31/27,UTC-05:00 - Eastern Standard Time (America/Indiana/Indianapolis)
"Micron Technology, Inc - DR3564797 (SUB-0073484)",Commerce Pro AMS,,,Ahmed Quraish,Ahmed Quraish,On Target,Planning,6/1/2024,11/30/24,UTC-08:00 - Pacific Standard Time (America/Los_Angeles)
Brico Depot - DR3711484 (SUB-0074412),Commerce Pro AMS,,,David García,David García,On Target,Planning,5/31/24,8/31/24,UTC-05:00 - Colombia Standard Time (America/Bogota)
Status: Decommission in Progress (2),,,,,,,,,,
,,,,,,2,2,,,
Enterprise -  HNI - Magento - Enterprise -  HNI - Magento,Commerce Pro AMS,ib4vfm76yxo5a,,Harika Yarlagadda,Harika Yarlagadda,On Target,Decommission in Progress,9/1/2020,8/31/23,UTC
"Enterprise - United Natural Foods, Inc. Magento Early Renewal + Marketplace expansion - DR2385537",Commerce Pro AMS,ctgl2wkewnpnw,https://adobe.sharepoint.com/sites/ams_unfi/SitePages/AMSCOMM_Runbook.aspx,Rajeswari Chundi,Michael Wittich,On Target,Decommission in Progress,8/28/20,8/27/23,EST
Status: Live (120),,,,,,,,,,
,,,,,,120,120,,,
"Zumiez, Inc_DR3201280 – Adobe AMS",Commerce Pro AMS,ga3ccmrdt2h3c,https://adobe.sharepoint.com/sites/ams_ZumiezInc/SitePages/CQMS_Runbook.aspx,Nadim Hoque,Nadim Hoque,On Target,Live,4/29/22,7/28/27,UTC-08:00 - Pacific Standard Time (America/Los_Angeles)
National Oilwell Varco_DR3227145_Additional Instance – Adobe AMS,Commerce Pro AMS,snzpmxxl36mww,https://adobe.sharepoint.com/sites/ams_nov-dragonfly/,Rajeswari Chundi,Rajeswari Chundi,On Target,Live,4/15/22,4/14/24,UTC-06:00 - Central Standard Time (America/Chicago)
QSR Stores Sdn Bhd_DR3202981 – Adobe Commerce AMS - DR3513996 uplift,Commerce Pro AMS,xeorqdet66jxg,https://adobe.sharepoint.com/sites/qsr-stores,Fabio Narbone,Fabio Narbone,On Target,Live,3/17/22,4/16/24,MYT
Struc-Tube Ltée_DR3213480 – Adobe AMS,Commerce Pro AMS,ymc24rxws3ysu,https://adobe.sharepoint.com/sites/ams_structubeltee/SitePages/Previous_CQMS_Runbook.aspx,Nadim Hoque,Nadim Hoque,On Target,Live,2/1/2022,1/31/25,EST
Dish Commerce (OnTech) DR2830540,Commerce Pro AMS,e2szzkipexnqo,https://adobe.sharepoint.com/sites/ams_dishontech/SitePages/CQMS_Runbook.aspx,Shivkumar Venkat,Shivkumar Venkat,On Target,Live,1/20/22,7/25/25,UTC
Alshaya - Debenhams - New Environment to provision,Commerce Pro AMS,gqhhjajenogck,https://adobe.sharepoint.com/sites/ams_Alshayamagento/SitePages/AMSCOMM_Runbook_Debenhams.aspx,Satish Kevlani,Satish Kevlani,On Target,Live,10/4/2021,11/30/27,?
Lexisnexis_DR2926585 – Adobe AMS,Commerce Pro AMS,nqjqeko53af54,https://adobe.sharepoint.com/sites/ams_LexisNexis/SitePages/LexisNexis-Australia-eSubs-site-Runbook.aspx,Rajeswari Chundi,Justin Grosskurth,On Target,Live,10/1/2021,9/30/23,UTC-05:00 - Eastern Standard Time (America/New_York)
N.V. Bekaert S.A._DR2884024 – Adobe AMS,Commerce Pro AMS,7rzczvtuo7lpo,https://adobe.sharepoint.com/sites/ams_NV-Bekaert-SA/SitePages/Magento%20Runbook.aspx?csf=1&web=1&e=tg6cjC&cid=3ff7da00-57eb-490f-b9eb-ad6e3e73f2db,Satish Kevlani,Satish Kevlani,On Target,Live,6/15/21,6/14/24,UTC+01:00 - Central European Standard Time (Europe/Paris)
Liquor Control Board of Ontario (LCBO)_DR2655692 – Adobe AMS,Commerce Pro AMS,glir3zqkgsrxk,https://adobe.sharepoint.com/sites/ams_lcbo/SitePages/AMSCOMM_Runbook.aspx,Harika Yarlagadda,Harika Yarlagadda,On Target,Live,6/3/2021,9/22/26,UTC-05:00 - Eastern Standard Time (America/New_York)
JD Irving Limited_DR2741111  – Adobe AMS,Commerce Pro AMS,22hasjhpw36xe,https://adobe.sharepoint.com/sites/ams_jdirving/SitePages/AMSCOMM_Runbook.aspx,Shivkumar Venkat,Shivkumar Venkat,On Target,Live,5/21/21,12/12/2024,Atlantic
Alshaya - COS,Commerce Pro AMS,vlvasu2xupli4,https://adobe.sharepoint.com/sites/ams_Alshayamagento/SitePages/AMSCOMM_Runbook_COS.aspx,Satish Kevlani,Satish Kevlani,On Target,Live,3/31/18,11/30/27,??
ENT | LG Electronics #4 - Korea Re-provisioning,Commerce Pro AMS,cbao65gdzs564,,Charles Lyu,Charles Lyu,On Target,Live,8/12/2020,7/31/26,KST
The Coca-Cola Company_DR3030542_SA – Adobe AMS,Commerce Pro AMS,bmksyxqygt2bq,https://adobe.sharepoint.com/sites/ams_coca-cola-commerce/SitePages/AMSCOMM4_Runbook.aspx,Harika Yarlagadda,Harika Yarlagadda,On Target,Live,3/1/2022,2/28/26,EST
The Coca-Cola Company_DR2452672_LATAM_Region 3 – Adobe AMS,Commerce Pro AMS,zktqcqimuwu7o,,Harika Yarlagadda,Harika Yarlagadda,On Target,Live,3/1/2021,2/28/26,EST
HP Inc_DR2901501 – Adobe AMS,Commerce Pro AMS,uiiqifge63ob6,https://adobe.sharepoint.com/sites/ams_hp-incmagento/SitePages/CQMSRunbook.aspx,Scott Templeton,Scott Templeton,On Target,Live,3/9/2021,3/8/2024,PST
Anixter Inc._DR2912466 – Adobe AMS,Commerce Pro AMS,37y37qreyarby,https://adobe.sharepoint.com/sites/ams_anixter/SitePages/Magento%20Commerce%20Customer%20Runbook.aspx,Rajeswari Chundi,Rajeswari Chundi,On Target,Live,4/1/2021,5/31/24,CST=Central.Standard.Time.US/Canada
Helen of Troy_DR2873650 – Adobe AMS,Commerce Pro AMS,zadibedh6kiyi,https://adobe.sharepoint.com/sites/ams_helenoftroy/SitePages/AMSCOMM_Runbook.aspx,Rajeswari Chundi,Rajeswari Chundi,On Target,Live,7/1/2021,6/30/24,MST
Momentive Performance Materials Inc._DR2548497 – Adobe AMS,Commerce Pro AMS,gy53jvszz5diy,https://adobe.sharepoint.com/sites/ams_momentive/SitePages/Previous_Magento_AMS_Runbook.aspx,Neha Sharma,Jillene Myers,On Target,Live,3/5/2021,4/3/2025,EST
La Monnaie de Paris_DR2973563 – Adobe AMS,Commerce Pro AMS,hpnixxp5t5nfs,https://adobe.sharepoint.com/sites/ams/LaMonnaiedeParisMagento/SitePages/CQMS_Runbook.aspx,Satish Kevlani,Satish Kevlani,On Target,Live,5/1/2021,5/12/2024,GMT+1
"Adobe AMS: Ek-Chai Distribution System Co., Ltd_DR2791392 – Adobe AMS (Malaysia)",Commerce Pro AMS,5an4bklslbcty,https://adobe.sharepoint.com/sites/ams/lotus/SitePages/Runbook.aspx,Charles Lyu,Charles Lyu,On Target,Live,3/15/21,7/14/24,GMT+8
"Adobe AMS: Ek-Chai Distribution System Co., Ltd_DR2791392 – Adobe AMS (Thailand)",Commerce Pro AMS,ob77kg6julmeu,https://adobe.sharepoint.com/sites/ams/lotus/SitePages/Runbook.aspx,Charles Lyu,Charles Lyu,On Target,Live,3/15/21,4/14/24,GMT+7
Retail Apparel Group (RAG) Instance #2 - Horizon,Commerce Pro AMS,sniaqmzfyd7ry,,Sagnick Ghatak,Sagnick Ghatak,On Target,Live,3/5/2021,3/4/2024,AEST
The Coca-Cola Company EMEA_DR2452672_Region 2 – Adobe AMS,Commerce Pro AMS,gs6zpn2ap6eoc,https://adobe.sharepoint.com/sites/ams/coca-cola-commerce/SitePages/AMSCOMM_Runbook.aspx,Neha Sharma,Neha Sharma,On Target,Live,3/1/2021,2/28/26,GMT+1
Alshaya - The_Body_Shop_AMS_e5fvx2okuseoq,Commerce Pro AMS,e5fvx2okuseoq,https://adobe.sharepoint.com/sites/ams_Alshayamagento/SitePages/AMSCOMM_Runbook_TBS.aspx,Satish Kevlani,Satish Kevlani,On Target,Live,2/26/21,11/30/27,GMT+3
The Coca-Cola Company_DR2452672_Region 1 (US) – Adobe AMS,Commerce Pro AMS,qzztqtkc5qwby,,Harika Yarlagadda,Harika Yarlagadda,On Target,Live,3/1/2021,2/28/26,EST
AkzoNobel Sourcing B.V._DR2421730 – Adobe AMS,Commerce Pro AMS,55i2czafhmexu,https://adobe.sharepoint.com/sites/ams_AkzoNobelmagento/SitePages/CQMS_Runbook.aspx,Vimal Mohindra,Vimal Mohindra,On Target,Live,2/18/21,3/31/26,GMT+2
The Dun & Bradstreet Inc_DR2656308 – Adobe AMS,Commerce Pro AMS,o6xt57s4hzfj4,https://adobe.sharepoint.com/sites/ams_dunbradstreetmagento/SitePages/AMSCOMM_Runbook.aspx,Nadim Hoque,Nadim Hoque,On Target,Live,4/3/2024,3/31/28,CST=Central.Standard.Time.US/Canada
Enterprise - Merck Animal Health HomeAgain - Magento - (JL)- EY - DR2841416,Commerce Pro AMS,anov4qclfsgnu,https://adobe.sharepoint.com/sites/ams_Intervet-Merck/SitePages/CQMSRunbook.aspx,Ahmed Quraish,Ahmed Quraish,On Target,Live,1/25/24,1/24/26,EST
Dish Purchasing (DOP) Enterprise - Magento Standalone - Dish X-Large Growth Deal - DR2830540,Commerce Pro AMS,2hiwozb3onymc,https://adobe.sharepoint.com/sites/ams_Dish/SitePages/AMSCOMM_Runbook.aspx,Shivkumar Venkat,Shivkumar Venkat,On Target,Live,12/1/2020,11/30/24,UTC
Enterprise -  Coca-Cola - Bridge Deal - Q1 -  DR2845152,Commerce Pro AMS,qzztqtkc5qwby,,Harika Yarlagadda,Harika Yarlagadda,On Target,Live,1/1/2021,,EST
Enterprise - Sealed Air Corporation - Magento Commerce - DR2766914,Commerce Pro AMS,z7kws3mfl5e2y,https://adobe.sharepoint.com/sites/ams_sealedairmagento/SitePages/AMSCOMM_Runbook.aspx,Nadim Hoque,Nadim Hoque,On Target,Live,12/1/2020,11/30/24,EST
Wheel Pros LLC,Commerce Pro AMS,7dq3t2flssuue,https://adobe.sharepoint.com/sites/ams_wheelprosllc/SitePages/CQMSRunbook.aspx,Nadim Hoque,Nadim Hoque,On Target,Live,10/7/2020,7/31/25,GMT
Toyota Motor Europe 1 -- Enterprise - PSM_TME - AEC - DR2121858,Commerce Pro AMS,rlhcmhqmoqvc6,https://adobe.sharepoint.com/sites/ams_tme/SitePages/CQMS_Runbook.aspx,Vimal Mohindra,Vimal Mohindra,On Target,Live,4/1/2021,11/10/2024,GMT+1
ASUSTeK Computer INC. NA - Adobe AMS,Commerce Pro AMS,qdf5pwnpgmwwa,https://adobe.sharepoint.com/sites/ams_asustek/SitePages/Commerce%20Runbook.aspx,Charles Lyu,Charles Lyu,On Target,Live,8/30/19,8/29/24,UTC+8
Enterprise - FedEx - Magento - JL - Phase 1 - DR2593083,Commerce Pro AMS,gpwctvftssfie,https://adobe.sharepoint.com/sites/ams_fedex/SitePages/AMSCOMM_Runbook.aspx,Shivkumar Venkat,Shivkumar Venkat,On Target,Live,8/31/20,8/31/25,UTC
Enterprise EMEA Coca Cola Addt Instance - Magento - (KT JL) - DR2771450,Commerce Pro AMS,gs6zpn2ap6eoc,,Neha Sharma,,On Target,Live,8/10/2020,2/28/26,EST
Enterprise - Signify  Commerce Cloud Upgrade - DR2706024,Commerce Pro AMS,qil4hz23p272s,https://adobe.sharepoint.com/sites/ams_SignifyMagento/SitePages/CQMS_Runbook.aspx,Jacek Groszewski,Jacek Groszewski,On Target,Live,7/15/20,9/30/24,GMT+2
Enterprise - Harbor Freight Tools - Cloud/Magento Managed Services - DR2606395,Commerce Pro AMS,uwccjx3nbkpbi,https://adobe.sharepoint.com/sites/ams/harborfreight/SitePages/AMSCOMM_Runbook.aspx,Rajeswari Chundi,Rajeswari Chundi,On Target,Live,1/1/2021,12/31/23,PST
Bombardier Recreational Products - Magento Commerce DR2531346,Commerce Pro AMS,6ocinqyvgz7vi,https://adobe.sharepoint.com/sites/amsaembasic/brp/SitePages/AMSCOMM_Runbook.aspx and https://adobe.sharepoint.com/sites/amsaembasic/brp/SitePages/CQMS_Runbook.aspx,Nadim Hoque,Nadim Hoque,On Target,Live,2/1/2024,1/31/25,GMT+4
FCA Italy SpA - SOL,Commerce Pro AMS,ypvke6g7mndwy,,Jacek Groszewski,Mark Brown,On Target,Live,6/16/20,,UTC+1
Alshaya -  Muji,Commerce Pro AMS,szaftnexsfo4k,https://adobe.sharepoint.com/sites/ams_Alshayamagento/Sitepages/AMSCOMM_Runbook8.aspx,Vimal Mohindra,Vimal Mohindra,On Target,Live,4/15/20,5/30/24,GMT+3
Alshaya - Boots,Commerce Pro AMS,gdyoujibngne2,https://adobe.sharepoint.com/sites/ams/Alshayamagento/Sitepages/AMSCOMM_Runbook7.aspx,Vimal Mohindra,Vimal Mohindra,On Target,Live,3/31/20,5/30/24,GMT+3
Alshaya - Pottery Barn Kids,Commerce Pro AMS,pyudokdb2kumk,https://adobe.sharepoint.com/sites/ams/Alshayamagento/SitePages/AMSCOMM_Runbook6.aspx,Vimal Mohindra,Vimal Mohindra,On Target,Live,3/31/20,5/30/24,GMT+3
Enterprise_Vodacom - eCommerce (Magento) - DR2590169,Commerce Pro AMS,mgr5bk4tqgnlo,https://adobe.sharepoint.com/sites/ams_VodacomSA/SitePages/AMSCOMM_Runbook.aspx,Jacek Groszewski,Jacek Groszewski,On Target,Live,3/1/2020,7/31/26,UTC+3
Entrust Datacard,Commerce Pro AMS,vifu3s4iuv2mo,https://adobe.sharepoint.com/sites/ams_EntrustDatacardCorporationCommerce/SitePages/CQMSRunbook.aspx,Nadim Hoque,Corey Spivey,On Target,Live,3/27/20,2/28/26,CST
ENT | LG Electronics #3 - India,Commerce Pro AMS,2d4zyvpqknsng,,Charles Lyu,Charles Lyu,On Target,Live,3/1/2020,7/31/26,GMT
National Oilwell Varco- Commerce AMS Cloud - DR3227145 - Renewal,Commerce Pro AMS,4h3cfltzdtycq,https://adobe.sharepoint.com/sites/ams/nov-dragonfly/SitePages/AMSCOMM_Runbook.aspx,Rajeswari Chundi,Rajeswari Chundi,On Target,Live,3/1/2020,4/14/24,CST=Central.Standard.Time.US/Canada
The Coca-Cola Company,Commerce Pro AMS,qzztqtkc5qwby,,Harika Yarlagadda,Harika Yarlagadda,On Target,Live,1/1/2020,2/28/26,EST
UBT Marketing Pty Ltd - DR3273323,Commerce Pro AMS,gm64lkzs2f6jy,https://adobe.sharepoint.com/sites/ams_ubt/,Sushma Pandey,Sushma Pandey,On Target,Live,12/16/19,1/12/2026,AEST
Petbarn Pty Ltd.,Commerce Pro AMS,53dbyr6wz6esm,https://adobe.sharepoint.com/sites/ams/petbarn-greencross/SitePages/CQMS_Runbook.aspx,Sagnick Ghatak,Sagnick Ghatak,On Target,Live,1/1/2020,7/12/2024,AEDT
"Heritage Landscape Supply Group - Project 1, Sprinkler Warehouse Brands",Commerce Pro AMS,vfha2inalof2s,https://adobe.sharepoint.com/sites/ams_HeritageLandscapeSupplyGroup-Project1Sprinkler/SitePages/CQMSRunbook.aspx,Rajib Hasan,Rajib Hasan,On Target,Live,11/25/19,11/29/25,CDT
Mitsubishi Motors Australia Limited (MMAL),Commerce Pro AMS,kxljuzokcrxq4,https://adobe.sharepoint.com/sites/ams_mitsubishi-au/,Sushma Pandey,Sushma Pandey,On Target,Live,12/4/2019,3/31/26,AEST
7-ELEVEN STORES PTY LTD DR3142719,Commerce Pro AMS,rjjesvp5tzldo,https://adobe.sharepoint.com/sites/7Eleven/SitePages/7-eleven-commerce-runbook.aspx,Sagnick Ghatak,Sagnick Ghatak,On Target,Live,11/4/2019,11/3/2026,AEST
Fortnum & Mason Plc,Commerce Pro AMS,fkshkijnyobmq,https://adobe.sharepoint.com/sites/fortnum-mason,Neha Sharma,Neha Sharma,On Target,Live,9/24/19,7/31/24,GMT+1
ASUSTeK Computer INC. - Adobe AMS,Commerce Pro AMS,jzhjspeecnsww,https://adobe.sharepoint.com/sites/ams_asustek/SitePages/Commerce%20Runbook.aspx,Charles Lyu,Charles Lyu,On Target,Live,8/30/19,8/29/24,HKT
Multi Retail Group (Ltd.),Commerce Pro AMS,r5z7zj5aqsxsq,https://adobe.sharepoint.com/sites/multi-retail-group/SitePages/multi-retail-group-commerce-runbook.aspx,Neha Sharma,Neha Sharma,On Target,Live,11/1/2019,4/30/26,GMT+2
Sazerac - DR3142938,Commerce Pro AMS,ihz6co6y4dgt6,https://adobe.sharepoint.com/sites/ams_Sazerac-commerce/SitePages/CQMSRunbook.aspx,Nadim Hoque,Nadim Hoque,On Target,Live,8/30/19,12/31/25,CST=Central.Standard.Time.US/Canada
Honeywell Chemical,Commerce Pro AMS,7lxnlghqhopns,https://adobe.sharepoint.com/sites/ams_honeywell/SitePages/AMSCOMM_Runbook.aspx,Sagnick Ghatak,Sagnick Ghatak,On Target,Live,6/12/2019,12/31/23,EST
Hanesbrands Inc. - Champion - MCC,Commerce Pro AMS,h6syrwvhvtytu,https://adobe.sharepoint.com/sites/ams_hanesbrands/SitePages/AMSCOMM_Runbook.aspx,Jacek Groszewski,Jacek Groszewski,On Target,Live,5/7/2019,9/2/2026,EST
Nintendo North America,Commerce Pro AMS,h7ech7u2dkwus,https://adobe.sharepoint.com/sites/ams_NintendoofAmerica/SitePages/AMSCOMM_Runbook.aspx,Harika Yarlagadda,Harika Yarlagadda,On Target,Live,5/6/2019,11/20/24,PST
Rite Aid Account for Something Digital - DR3203476,Commerce Pro AMS,evqrh2r7hni36,https://adobe.sharepoint.com/sites/ams_rite-aid/SitePages/AMSCOMM_Runbook.aspx,Rajeswari Chundi,Rajeswari Chundi,On Target,Live,4/25/19,5/31/23,EST
ENT | LG Electronics #2 - USA,Commerce Pro AMS,fvyg236xdvogs,https://adobe.sharepoint.com/sites/lg/SitePages/lg-electronics-US-commerce-runbook.aspx,Harika Yarlagadda,Harika Yarlagadda,On Target,Live,3/1/2019,7/31/26,EST
Sportsgirl Pty Ltd (Sussan Retail Group - DR2757706,Commerce Pro AMS,6xbqsdabet3r6,https://adobe.sharepoint.com/sites/ams/sportsgirl/SitePages/commerce_runbook.aspx,Sagnick Ghatak,Sagnick Ghatak,On Target,Live,2/27/19,11/24/23,AEST
Charlottes Web,Commerce Pro AMS,zzzrecnhz5m3o,https://adobe.sharepoint.com/sites/charlottesweb,Shivkumar Venkat,Shivkumar Venkat,On Target,Live,2/25/19,2/24/24,MT
FCA Italy SpA - MOPAR,Commerce Pro AMS,zpdnibucpq3sy,,Jacek Groszewski,Mark Brown,On Target,Live,11/23/18,,UTC+2
Nahdi Medical - Upsell to MS DR3244344,Commerce Pro AMS,outwog47ap2uc,https://adobe.sharepoint.com/sites/ams_Nahdi/SitePages/CQMS_Runbook.aspx,Vimal Mohindra,Mark Brown,On Target,Live,10/1/2018,12/31/23,UTC
Magid Glove and Safety,Commerce Pro AMS,atn5wwwohsywi,https://adobe.sharepoint.com/sites/ams_magidglove/SitePages/CQMS_Runbook.aspx,Nadim Hoque,Dawson Taber,On Target,Live,12/3/2023,12/2/2025,EST
Alshaya - AEO American Eagle,Commerce Pro AMS,tw5uijob6hir2,https://adobe.sharepoint.com/sites/ams/Alshayamagento/Sitepages/AMSCOMM_Runbook3.aspx,Vimal Mohindra,Vimal Mohindra,On Target,Live,4/2/2018,11/30/27,GMT+3
Alshaya - Footlocker,Commerce Pro AMS,z2fi6fmoo7n4a,https://adobe.sharepoint.com/sites/ams/Alshayamagento/Sitepages/AMSCOMM_Runbook4.aspx,Vimal Mohindra,Vimal Mohindra,On Target,Live,4/2/2018,11/30/27,GMT+3
Alshaya - BBW,Commerce Pro AMS,bbk3lvknero4c,https://adobe.sharepoint.com/sites/ams_Alshayamagento/Sitepages/AMSCOMM_Runbook1.aspx,Vimal Mohindra,Vimal Mohindra,On Target,Live,3/1/2018,11/30/27,GMT+3
Alshaya - VS,Commerce Pro AMS,kpwgmbven7d7y,https://adobe.sharepoint.com/sites/ams_Alshayamagento/SitePages/AMSCOMM_Runbook_VS.aspx,Satish Kevlani,Satish Kevlani,On Target,Live,3/1/2018,11/30/27,UTC+3
CCH Incorporated (Wolters Kluwer) (Not an AMS customer),Commerce Pro AMS,tfnivc3mcrmry,https://adobe.sharepoint.com/sites/ams_cch/SitePages/AMSCOMM_Runbook.aspx,Rajeswari Chundi,Rajeswari Chundi,On Target,Live,10/9/2017,8/31/23,EST
5.11 Tactical,Commerce Pro AMS,iyv6udu6nomro,https://adobe.sharepoint.com/sites/ams_511_tactical,Scott Templeton,Scott Templeton,On Target,Live,9/8/2017,5/25/26,PST
Alshaya - H&M,Commerce Pro AMS,zbrr3sobrsb3o,https://adobe.sharepoint.com/sites/ams_Alshayamagento/SitePages/AMSCOMM_Runbook11.aspx,Satish Kevlani,Satish Kevlani,On Target,Live,9/1/2017,11/30/27,GMT+3
Alshaya - Pottery Barn,Commerce Pro AMS,rfuu4sicyisyw,https://adobe.sharepoint.com/sites/ams/Alshayamagento/Sitepages/AMSCOMM_Runbook5.aspx,Vimal Mohindra,Vimal Mohindra,On Target,Live,10/4/2017,11/30/27,GMT
Alshaya - Mothercare,Commerce Pro AMS,z3gmkbwmwrl4g,https://adobe.sharepoint.com/sites/ams/Alshayamagento/Sitepages/AMSCOMM_Runbook9.aspx,Vimal Mohindra,Vimal Mohindra,On Target,Live,5/31/20,11/30/27,GMT+3
Helly Hansen - Renewal w/AMS DR2953177 project ID 6x42bwop6jzim,Commerce Pro AMS,6x42bwop6jzim,https://adobe.sharepoint.com/sites/ams_hellyhansenas/SitePages/AMSCOMM1_Runbook.aspx,Satish Kevlani,Satish Kevlani,On Target,Live,9/1/2016,4/4/2027,EST
Alshaya - Alo Yoga AMS_ucy3iycfcg7qq,Commerce Pro AMS,ucy3iycfcg7qq,https://adobe.sharepoint.com/sites/ams_Alshayamagento/SitePages/AMSCOMM_Runbook_Alo_Yoga.aspx,Satish Kevlani,Satish Kevlani,On Target,Live,3/14/22,11/30/27,?
Mimo Tech Company Limited (MMT)_DR2946623 – Adobe Commerce,Commerce Pro AMS,funmyhyypx2zw,,Sushma Pandey,Sushma Pandey,On Target,Live,3/4/2022,3/3/2026,UTC+07:00 - Indochina Time (Asia/Bangkok)
T-Mobile USA HINT – DR3163367 Adobe AMS,Commerce Pro AMS,kdowxhfqh3mkk,https://adobe.sharepoint.com/sites/t-mobile-hint/SitePages/t-mobile-hint.aspx,Asrar Alam,Harika Yarlagadda,On Target,Live,2/21/22,6/28/27,UTC-08:00 - Pacific Standard Time (America/Los_Angeles)
Cenergy SSP (Instance 5/6)_DR2854988 – Adobe AMS,Commerce Pro AMS,ggkyigxchdgoq,https://adobe.sharepoint.com/sites/cenergy,Charles Lyu,Charles Lyu,On Target,Live,11/1/2021,7/31/25,BKK
Cenergy TOPS (Instance 3/6)_DR2854988 – Adobe AMS,Commerce Pro AMS,a4kqty5oswp5a,https://adobe.sharepoint.com/sites/cenergy,Charles Lyu,Charles Lyu,On Target,Live,11/1/2021,7/31/25,BKK
Cenergy CDS (Instance 1/6)_DR2854988 – Adobe AMS,Commerce Pro AMS,vsdinyhnv5jiq,https://adobe.sharepoint.com/sites/cenergy,Charles Lyu,Charles Lyu,On Target,Live,11/1/2021,7/31/25,BKK
Hanesbrands - new Champion.com,Commerce Pro AMS,weam7gfmht6aw,https://adobe.sharepoint.com/sites/ams_hanesbrands/SitePages/AMSCOMM3_Runbook.aspx,Jacek Groszewski,Jacek Groszewski,On Target,Live,5/8/2019,9/2/2026,tbd
Sunbelt Rentals_DR2950760 & DR3112257 – Adobe AMS,Commerce Pro AMS,lb4wg3savhnxk,https://adobe.sharepoint.com/sites/ams_SunbeltRentals/SitePages/AMSCOMM_Runbook.aspx,Ahmed Quraish,Gabriel Rosales,On Target,Live,10/15/21,10/14/24,UTC-05:00 - Eastern Standard Time (America/New_York)
Tata Motors ltd._DR2808283 – Adobe AMS,Commerce Pro AMS,qn4ffcjwfg6jc,https://adobe.sharepoint.com/sites/tata-motors/SitePages/Commerce-runbook.aspx,Garima Gupta,Garima Gupta,On Target,Live,1/1/2022,12/31/26,IST
Canon USA Inc_DR2888760 – Adobe AMS,Commerce Pro AMS,i3i4bjmu5mejy,https://adobe.sharepoint.com/sites/ams_canonusamagento/SitePages/CanonCUSARunbook.aspx,David García,David García,On Target,Live,7/26/21,7/25/24,UTC-05:00 - Eastern Standard Time (America/New_York)
Microsoft Corporation_DR2790470 – Adobe AMS,Commerce Pro AMS,3yngm4t3tho6a,https://adobe.sharepoint.com/sites/ams_xboxdesignlabmagento/SitePages/CQMSRunbook.aspx,Scott Templeton,Scott Templeton,On Target,Live,6/1/2021,2/29/24,UTC-08:00 - Pacific Standard Time (America/Los_Angeles)
Helly Hansen AS_Musto_DR2953175 – Adobe AMS,Commerce Pro AMS,tvbumoltnsun2,https://adobe.sharepoint.com/sites/ams_hellyhansenas/SitePages/AMSCOMM2_Runbook.aspx,Satish Kevlani,Satish Kevlani,On Target,Live,5/17/21,3/14/24,UTC+00:00 - Greenwich Mean Time (Europe/Dublin)
Enterprise -   Big Fish Games - Magento Managed Services P2P DR2630945,Commerce Pro AMS,osceb2du4jjgg,https://adobe.sharepoint.com/sites/amsaembasic_bigfishgames/SitePages/AMSCOMM_Runbook.aspx,Scott Templeton,Scott Templeton,On Target,Live,1/4/2021,1/11/2024,PST
[Cultura] MS + Magento - Renewal / Upsell DR3215530,Commerce Pro AMS,bjmwi7qiyakj2,https://adobe.sharepoint.com/sites/ams_socultur/SitePages/AMSCOMM_Runbook.aspx,Mark Brown,Mark Brown,On Target,Live,4/1/2021,6/30/24,EST
Accent / Future of Commerce/ Magento AMS  / Upsell / $480k / 3Y / $1.44m - DR2347918 Skechers,Commerce Pro AMS,c27abj7wwbj5a,https://adobe.sharepoint.com/sites/ams_accent-group,Fabio Narbone,Fabio Narbone,On Target,Live,7/26/21,7/25/24,AEST
Accent / Future of Commerce/ Magento AMS  / Upsell / $480k / 3Y / $1.44m - DR2347918 Vans,Commerce Pro AMS,fh26tdmbezwks,https://adobe.sharepoint.com/sites/ams_accent-group,Fabio Narbone,Fabio Narbone,On Target,Live,7/26/21,7/25/24,AEST
Accent / Future of Commerce/ Magento AMS  / Upsell / $480k / 3Y / $1.44m - DR2347918 Platypus,Commerce Pro AMS,2gumyocxsi27q,https://adobe.sharepoint.com/sites/ams_accent-group,Fabio Narbone,Fabio Narbone,On Target,Live,7/26/21,7/25/24,AEST
Enterprise - Vita-Mix - AEM & Magento - DR2721725,Commerce Pro AMS,m45v6tz6pgn3m,https://adobe.sharepoint.com/sites/ams/VitaMix/SitePages/AMSCOMM_Runbook.aspx,Harika Yarlagadda,Harika Yarlagadda,On Target,Live,1/1/2021,12/31/23,EST
Zyia Active LLC,Commerce Pro AMS,l6aqsphhbrrku,,Mark Brown,Mark Brown,On Target,Live,9/1/2020,11/30/23,mountain
Enterprise -   DSB SA - Magento - Move to Managed Services Early Renew and upsell Q4 2020 -DR2705997,Commerce Pro AMS,445ad56t34fn2,https://adobe.sharepoint.com/sites/ams/DamartexMagento/SitePages/AMSCOMM_Runbook.aspx,Vimal Mohindra,Vimal Mohindra,On Target,Live,9/18/20,12/31/25,GMT+1
Enterprise-JF/OV - Reed Exhib / RX Global - MGTO-DR2621613,Commerce Pro AMS,rh2algyxpu4qq,https://adobe.sharepoint.com/sites/ams_ReedExhibitionsMagento/SitePages/CQMS_Runbook.aspx,Vimal Mohindra,Vimal Mohindra,On Target,Live,5/1/2020,10/31/23,GMT+1
Alshaya - West Elm,Commerce Pro AMS,xj72gv64n7kci,https://adobe.sharepoint.com/sites/ams_Alshayamagento/Sitepages/AMSCOMM_Runbook2.aspx,Vimal Mohindra,Vimal Mohindra,On Target,Live,4/2/2018,11/30/27,GMT+3
Union Comercial De Costa Rica Unicomer SA_DR3289305 – Adobe AMS,Commerce Pro AMS,3z57agywixbje,https://adobe.sharepoint.com/sites/ams_unioncomercial/SitePages/CQMSRunbook1.aspx,Ahmed Quraish,Rajib Hasan,On Target,Live,8/1/2022,7/31/25,UTC-06:00 - Central Standard Time (America/El_Salvador)
Coca-Cola Beverages Africa (Pty) Ltd_DR3249103 – Adobe AMS,Commerce Pro AMS,hssz2wgsrcpta,https://adobe.sharepoint.com/:u:/r/sites/ams_CCBA/SitePages/South%20Africa%20Runbook.aspx?csf=1&web=1&e=fhLbRi,Neha Sharma,Neha Sharma,On Target,Live,6/1/2022,5/31/26,UTC+02:00 - South Africa Standard Time (Africa/Johannesburg)
HIPAA - Laboratory Corporation Of America Holdings_DR3822482 – Adobe AMS,Commerce Pro AMS,ed2mialiqhfni,https://adobe.sharepoint.com/sites/ams/labcorp/SitePages/AMSCOMM_Runbook.aspx,Harika Yarlagadda,Harika Yarlagadda,On Target,Live,6/8/2022,5/31/24,UTC-05:00 - Eastern Standard Time (America/New_York)
"Merck Animal Health UK - Intervet, Inc._DR3353014 - Adobe AMS",Commerce Pro AMS,wywmjdudmqe4c,https://adobe.sharepoint.com/sites/ams_Intervet-Merck/SitePages/CQMSRunbook2.aspx,Ahmed Quraish,Ahmed Quraish,On Target,Live,6/30/22,11/29/25,UTC+00:00 - Greenwich Mean Time (Europe/Dublin)
Alshaya - New Balance - DR3205214 – AMS_yuoofriziz4tu,Commerce Pro AMS,yuoofriziz4tu,https://adobe.sharepoint.com/sites/ams_Alshayamagento/SitePages/AMSCOMM_Runbook_New_Balance.aspx,Satish Kevlani,Satish Kevlani,On Target,Live,9/1/2022,11/30/27,UTC+03:00 - Eastern European Standard Time (Europe/Istanbul)
Alshaya - Charlotte Tilbury - DR3205214 – Adobe AMS,Commerce Pro AMS,42vsyln6crv6i,https://adobe.sharepoint.com/sites/ams_Alshayamagento/,Satish Kevlani,Satish Kevlani,On Target,Live,9/1/2022,5/30/24,UTC+03:00 - Eastern European Standard Time (Europe/Istanbul)
Canon USA (CCI) Inc renewal on DR2888760 – Adobe AMS,Commerce Pro AMS,owcvhospps7wg,https://adobe.sharepoint.com/sites/ams_canonusamagento/SitePages/CanonCCIRunbook.aspx,David García,David García,On Target,Live,8/19/22,6/25/24,UTC-05:00 - Eastern Standard Time (America/New_York)
SM Online Corp._DR3383845 – Adobe Commerce + AMS,Commerce Pro AMS,zhnzq6b3ppasw,https://adobe.sharepoint.com/sites/sm-online-corp,Sagnick Ghatak,Sagnick Ghatak,On Target,Live,12/2/2022,5/30/26,UTC+08:00 - Philippine Standard Time (Asia/Manila)
Stemcell Technologies Inc._DR3239629 – Adobe AMS,Commerce Pro AMS,hrhqxh2hqgsoy,https://adobe.sharepoint.com/sites/ams_StemCell,Asrar Alam,Asrar Alam,On Target,Live,12/1/2022,2/28/25,UTC-08:00 - Pacific Standard Time (America/Los_Angeles)
PSA Automobiles S.A.  DR3384735 – Adobe Commerce -Topolino Direct Sales,Commerce Pro AMS,47dsjuepmc4eo,,Neha Sharma,Neha Sharma,On Target,Live,12/1/2022,4/11/2028,UTC+01:00 - Central European Standard Time (Europe/Amsterdam)
Dyson Technology Limited_DR3019153 – Adobe AMS,Commerce Pro AMS,dci3rpqzzkhes,https://adobe.sharepoint.com/sites/ams_DysonTechnologyMagento/SitePages/CQMSRunbook.aspx,Satish Kevlani,Satish Kevlani,On Target,Live,12/1/2022,11/30/25,UTC+00:00 - Greenwich Mean Time (Europe/Dublin)
Acer Inc (EMEA) DR3307401 – Adobe Commerce + AMS,Commerce Pro AMS,3fls34gtwbbw4,https://adobe.sharepoint.com/sites/acer/SitePages/acer-emea-commerce-runbook.aspx,Garima Gupta,Garima Gupta,On Target,Live,1/1/2023,3/31/26,UTC+01:00 - Central European Standard Time (Europe/Amsterdam)
Acer Inc (PA) DR3307401 – Adobe Commerce + AMS,Commerce Pro AMS,byspcqxgnmnzm,https://adobe.sharepoint.com/sites/acer/SitePages/acer-pa-commerce-runbook.aspx,Garima Gupta,Garima Gupta,On Target,Live,1/1/2023,3/31/26,UTC-06:00 - Central Standard Time (America/Chicago)
The Coca-Cola Company_DR3486750 – Adobe AMS,Commerce Pro AMS,xqng52md7niyo,https://adobe.sharepoint.com/sites/ams/coca-cola-commerce/SitePages/AMSCOMM5_Runbook.aspx,Charles Lyu,Charles Lyu,On Target,Live,1/2/2023,2/28/26,UTC+09:00 - Japan Standard Time (Asia/Tokyo)
Accent Group Limited_DR3551941 – Dr Martens,Commerce Pro AMS,fpv2lfvzogav4,https://adobe.sharepoint.com/sites/ams_accent-group,Fabio Narbone,Fabio Narbone,On Target,Live,2/20/23,7/25/24,UTC+11:00
ENT LG Electronics #1 - Europe - GP1,Commerce Pro AMS,vt2pniqibrqv6,,Charles Lyu,Charles Lyu,On Target,Live,3/8/2023,7/31/26,KST
Acer Inc (PAP AWS SG) DR3307401 – Adobe Commerce + AMS,Commerce Pro AMS,q3bexgnsgjess,https://adobe.sharepoint.com/sites/acer/SitePages/acer-pap-commerce-runbook.aspx,Garima Gupta,Garima Gupta,On Target,Live,1/1/2023,3/31/26,UTC+08:00 - Singapore Standard Time (Asia/Singapore)
Mthai (Hindo/Gill Capital),Commerce Pro AMS,fbe6yajbm5fim,https://adobe.sharepoint.com/sites/hindo,Garima Gupta,Garima Gupta,On Target,Live,4/1/2023,3/31/26,UTC+08:00 - Singapore Standard Time (Asia/Singapore)
Tata Passenger Electric Mobility Limited_DR3651558 – Adobe AMS,Commerce Pro AMS,ag46ihsg2mncm,https://adobe.sharepoint.com/sites/tata-motors/SitePages/tata-ev.aspx,Garima Gupta,Garima Gupta,On Target,Live,4/14/23,7/25/28,UTC+05:30 - India Standard Time (Asia/Kolkata)
TechGRC - Adobe HIPAA monitoring,Commerce Pro AMS,4aknqsui6ltaq,,,Matt Johnson,On Target,Live,8/1/2023,,CST
The Dun & Bradstreet Inc. - DR3864626 (SUB-0073119),Commerce Pro AMS,o6xt57s4hzfj4,,Nadim Hoque,Nadim Hoque,On Target,Live,3/3/2024,4/2/2024,UTC-06:00 - Central Standard Time (America/Chicago)